Workbook
Name AIR: '14.0'!$A$1:$E$18
Name AirtightnessEEMs: #REF!
Name CDM: '10.0'!$A$1:$I$23
Name Design: #REF!
Name Design: #REF!
Name eco: #REF!
Name eco: #REF!
Name eco: '7.0'!#REF!
Name eco: '4.0'!$A$1
Name ExVentilation: #REF!
Name ExVentilation: #REF!
Name ExVentilation: '11.0'!$A$1:$H$11
Name Measures: '14.0'!$A$1:$C$17
Name Measures: '7.0'!$A$1:$H$26
Name MTIP: #REF!
Name overview4: '4.0'!$A$2:$H$25
Name PAS: #REF!
Name PAS: #REF!
Name Personnel: #REF!
Name Personnel: #REF!
Name Property_Overview: #REF!
Name Property_Overview: #REF!
Name Property_Overview: '7.0'!#REF!
Name Property_Overview: '4.0'!$A$2:$E$28
Name PropVentilation: #REF!
Name PropVentilation: #REF!
Name vENT: '11.0'!$A$1:$R$14

Sheet 4.0
A2: Property Overview | D2: Existing SAP Data | G2: Dwelling Design
A3: Property Address | D3: EPC Rating | G3: Has a "Fabric First" approach being adopted in accordance with clause 4 & 5 of PAS2035 ?
A4: Property Reference | D4: Floor Area (Box 4) | G4: Is a fabric measure being installed ?
A5: Local authority | D5: Heat transfer coeff.(Box 39) | G5: Does the ventilation require upgrading?(if so , see ventilation design)
A6: EPC Score ( Rd SAP) | D6: Space Heating (Box 99) | G6: Is the building protected / Traditional and the design consistent with BS7913? | H6: {=_xlfn.IFS(COUNTIF(B20:B22,"Yes")>0,"Yes",TRUE,"No")} -> No
A7: Tenure | G7: Does the installation of the measures need to comply with the guidance in BS 5250? | H7: No
A8: Remedials -damp & mould present? | D8: Proposed SAP Data | G8: Does the design provide resilience against flooding ? | H8: No
A9: Retrofit assessment has been carried out? | B9: Yes | D9: EPC Rating | G9: Does the design provide resilience against Water ingress (both internal and external) | H9: No
A10: Planning Application Ref | B10: TBC | D10: Floor Area (Box 4) | G10: Does the design affect fire strategy? | H10: TBC
A11: Planning Notes | B11: Pending | D11: Heat transfer coeff.(Box 39) | G11: Is a new fire strategy required? | H11: No
A12: Building Regulation Application Ref | B12: TBC | D12: Space Heating (Box 99) | G12: Are "Toolbox Talks" required for any special consideration | H12: No
A13: Building Regulation Notes | B13: Pending | D13: NetZero EPC Rating | E13: TBC by Retrofit coordinator
A14: Age of Property | G14: Fabric specific Measures
A15: Construction Type | D15: Potential Climate Risks | G15: Are thermal bypasses considered and eliminated ? | H15: Yes
A16: Typology | D16: Radon Risk | G16: Have approved construction details been utilised ? | H16: Yes
A17: Stories | D17: Flood Risk | G17: If bespoke details have been used. Is the temperature factor (fRsi) of each detail not less than 0.75? | H17: N/A
A18: Number of Bedrooms | D18: Subsidence 2030 | G18: Have thermal bridge calculations been undertaken as part of the retrofit designs? | H18: N/A
A19: Site Exposure Level | D19: Subsidence 2070
A20: Traditional Building | D20: Wind Driven Rain Risk | G20: Overheating
A21: Conservation Area | D21: Rainfall Risk | G21: Has overheating been considered as the part of Designs? | H21: Overheating has been considered. Ventilation to comply with Building Regulations Part F & Q
A22: Listed Building | D22: Wind Speed Risk
A23: TPOs | B23: =B21 -> 0 | D23: Wildfire Risk
A24: Access Constraints
A25: Vulnerable tenant present?

Sheet 7.0
A1: Measure Included? | C1: Drawing Key: | D1: Proposed Fabric First Measures Specification | G1: Installation Sequence | H1: Category of Measure
A2: {=SUMPRODUCT(--ISNUMBER(SEARCH(MID("ABCDEFGHIJKLMNOPQRSTUVWXYZabcdefghijklmnopqrstuvwxyz",ROW(INDIRECT("1:52")),1),D2)))>0} -> FALSE | B2: Trickle Vents | C2: TV | D2: {=_xlfn.IFS(COUNTIF('11.0'!D4:D12,"No")>0,"Location Specified on DS-2.3",TRUE,"")} | H2: Minor
A3: {=SUMPRODUCT(--ISNUMBER(SEARCH(MID("ABCDEFGHIJKLMNOPQRSTUVWXYZabcdefghijklmnopqrstuvwxyz",ROW(INDIRECT("1:52")),1),D3)))>0} -> FALSE | B3: dMEV | C3: dMEV | H3: Minor
A4: {=SUMPRODUCT(--ISNUMBER(SEARCH(MID("ABCDEFGHIJKLMNOPQRSTUVWXYZabcdefghijklmnopqrstuvwxyz",ROW(INDIRECT("1:52")),1),D4)))>0} -> FALSE | B4: Door undercuts | C4: DRU | D4: {=_xlfn.IFS(COUNTIF('11.0'!E4:E12,"No")>0,"Location Specified on DS-2.3",TRUE,"")} | H4: Minor
A5: {=SUMPRODUCT(--ISNUMBER(SEARCH(MID("ABCDEFGHIJKLMNOPQRSTUVWXYZabcdefghijklmnopqrstuvwxyz",ROW(INDIRECT("1:52")),1),D5)))>0} -> FALSE | B5: Loft Insulation: | C5: LI | H5: Minor
A6: {=SUMPRODUCT(--ISNUMBER(SEARCH(MID("ABCDEFGHIJKLMNOPQRSTUVWXYZabcdefghijklmnopqrstuvwxyz",ROW(INDIRECT("1:52")),1),D6)))>0} -> FALSE | B6: Cavity Wall Insulation: | C6: CWI | H6: Minor
A7: {=SUMPRODUCT(--ISNUMBER(SEARCH(MID("ABCDEFGHIJKLMNOPQRSTUVWXYZabcdefghijklmnopqrstuvwxyz",ROW(INDIRECT("1:52")),1),D7)))>0} -> FALSE | B7: External Wall Insulation | C7: EWI | H7: Major
A8: {=SUMPRODUCT(--ISNUMBER(SEARCH(MID("ABCDEFGHIJKLMNOPQRSTUVWXYZabcdefghijklmnopqrstuvwxyz",ROW(INDIRECT("1:52")),1),D8)))>0} -> FALSE | B8: Internal Wall Insulation: | C8: IWI | H8: Major
A9: {=SUMPRODUCT(--ISNUMBER(SEARCH(MID("ABCDEFGHIJKLMNOPQRSTUVWXYZabcdefghijklmnopqrstuvwxyz",ROW(INDIRECT("1:52")),1),D9)))>0} -> FALSE | B9: Under Floor Insulation: | C9: UFI | H9: Major
A10: {=SUMPRODUCT(--ISNUMBER(SEARCH(MID("ABCDEFGHIJKLMNOPQRSTUVWXYZabcdefghijklmnopqrstuvwxyz",ROW(INDIRECT("1:52")),1),D10)))>0} -> FALSE | B10: Flat Roof Insulation: | C10: FRI | H10: Major
A11: {=SUMPRODUCT(--ISNUMBER(SEARCH(MID("ABCDEFGHIJKLMNOPQRSTUVWXYZabcdefghijklmnopqrstuvwxyz",ROW(INDIRECT("1:52")),1),D11)))>0} -> FALSE | B11: Room-In-Roof Insulation: | C11: RIR | H11: Major
A12: {=SUMPRODUCT(--ISNUMBER(SEARCH(MID("ABCDEFGHIJKLMNOPQRSTUVWXYZabcdefghijklmnopqrstuvwxyz",ROW(INDIRECT("1:52")),1),D12)))>0} -> FALSE | B12: Windows: | C12: WNDW | H12: Major
A13: {=SUMPRODUCT(--ISNUMBER(SEARCH(MID("ABCDEFGHIJKLMNOPQRSTUVWXYZabcdefghijklmnopqrstuvwxyz",ROW(INDIRECT("1:52")),1),D13)))>0} -> FALSE | B13: Doors: | C13: DR | H13: Major
A14: {=SUMPRODUCT(--ISNUMBER(SEARCH(MID("ABCDEFGHIJKLMNOPQRSTUVWXYZabcdefghijklmnopqrstuvwxyz",ROW(INDIRECT("1:52")),1),D14)))>0} -> FALSE | B14: Other please specify: | H14: Minor
A16: Measure Included? | C16: Drawing Key: | D16: Proposed Renewables Specification | G16: Installation Sequence | H16: Category of Measure
A17: {=SUMPRODUCT(--ISNUMBER(SEARCH(MID("ABCDEFGHIJKLMNOPQRSTUVWXYZabcdefghijklmnopqrstuvwxyz",ROW(INDIRECT("1:52")),1),D17)))>0} -> FALSE | B17: Boiler/FTCH: | C17: BLR/FTCH | H17: Major
A18: {=SUMPRODUCT(--ISNUMBER(SEARCH(MID("ABCDEFGHIJKLMNOPQRSTUVWXYZabcdefghijklmnopqrstuvwxyz",ROW(INDIRECT("1:52")),1),D18)))>0} -> FALSE | B18: ESH: | C18: ESH | H18: Major
A19: {=SUMPRODUCT(--ISNUMBER(SEARCH(MID("ABCDEFGHIJKLMNOPQRSTUVWXYZabcdefghijklmnopqrstuvwxyz",ROW(INDIRECT("1:52")),1),D19)))>0} -> FALSE | B19: ASHP: | C19: ASHP | H19: Major
A20: {=SUMPRODUCT(--ISNUMBER(SEARCH(MID("ABCDEFGHIJKLMNOPQRSTUVWXYZabcdefghijklmnopqrstuvwxyz",ROW(INDIRECT("1:52")),1),D20)))>0} -> FALSE | B20: GSHP: | C20: GSHP | H20: Major
A21: {=SUMPRODUCT(--ISNUMBER(SEARCH(MID("ABCDEFGHIJKLMNOPQRSTUVWXYZabcdefghijklmnopqrstuvwxyz",ROW(INDIRECT("1:52")),1),D21)))>0} -> FALSE | B21: Solar Thermal: | C21: ST | H21: Major
A22: =IF(AND(ISNUMBER(G22), G22>=1, G22<=15), "TRUE", "FALSE") -> FALSE | B22: Solar PV: | C22: SPV | E22: Solar PV: Property Orientation | H22: Major
E23: Solar PV: Over - Shading | F23: None or little
G25: Number of Minor/Major measures: | H25: Result
G26: {=SUMPRODUCT(--ISNUMBER(G4:G22), --(G4:G22>=1), --(G4:G22<=19), --(H4:H22="Minor")) & "x Minor, " & SUMPRODUCT(--ISNUMBER(G4:G22), --(G4:G22>=1), --(G4:G22<=19), --(H4:H22="Major")) & "x Major"} -> 0x Minor, 0x Major | H26: =_xlfn.LET( _xlpm.txt, G26, _xlpm.minor, VALUE(LEFT(_xlpm.txt, FIND("x Minor", _xlpm.txt)-1)), _xlpm.major, VALUE(MID(_xlpm.txt, FIND(",", _xlpm.txt)+2, FIND("x Major", _xlpm.txt)-FIND(",", _xlpm.txt)-2)), IF( _xlpm.major=0, IF(_xlpm.minor<=2, "Category A", IF(_xlpm.minor<=6, "Category B", "Category C")), IF( _xlpm.major=1, IF(_xlpm.minor<=5, "Category B", "Category C"), IF( _xlpm.major=2, IF(_xlpm.minor<=3, "Category B", "Category C"), IF( _xlpm.major=3, IF(_xlpm.minor<=1, "Category B", "Category C"), "Category C")))) ) -> Category A

Sheet 10.0
A1: HAZARD IDENTIFICATION AND MANAGEMENT CHECKLIST
A3: PROJECT: | C3: RIBA WORKSTAGE: | D3: Stage 5 | E3: REF: | F3: 1069/CDM
A4: This Checklist is a summary of residual hazards identified to date and the actions required to manage them. It is maintained in accordance with the Construction (Design and Management) Regulations 2015 and reflects the duties of the Client, Principal Designer, Principal Contractor and other dutyholders. In line with the Building Safety Act 2022, this document contributes to the project’s safety management processes and the creation of a clear audit trail (“golden thread”) of design and construction risk decisions. Where relevant, hazards and control measures are linked to Building Safety Act gateway requirements and regulatory expectations. Appropriate action needed to manage the identified risks. The objective is to assist, focus and eliminate or mitigate wherever possible the identified risks and to record the agreed actions to be taken.
A5: REVISIONS: | B5: rev A | C5: DATE: | D5: =CHOOSE(MONTH(TODAY()), "January","February","March","April","May","June", "July","August","September","October","November","December") & " " & YEAR(TODAY()) -> April 2026
A7: Hazard Number | B7: Package/ Building Element | C7: Hazard (the potential to cause harm) | D7: Date Issue Raised [Originator] | E7: Measures Taken to Eliminate /Minimise Risk | F7: Owner : CDM dutyholders Client / PD / PC / Designers / SubContractors | G7: Status Open/ Closed/ Residual | H7: Date Issue Closed [Actioner] | I7: Critical H & S Design Assumptions / Information Required or Provided /Outline of Controls by Others/Record of Golden Thread of Information in line with BSA
A9: 1 | B9: Site | C9: Noise & Vibration - Excessive noise generated by plant and construction activities causing a nuisance to adjacent users and occupiers. | D9: =TODAY() -> 46127 | F9: PD/PC | G9: Open | I9: Local Authority Guidelines to be incorporated into the Preconstruction Information. Main contractor to plan and advise on potential for nuisance due to noise and vibration.
C10: Working on occupied site- Site setup arrangements to vary according to phase | D10: =TODAY() -> 46127 | F10: PD/PC | G10: Open | I10: Ongoing liaison. Principal Contractor to develop and agree setup with the residents and with representatives of the Client.
C11: Interface & Third Party - Accidents involving vehicles accessing and egressing site. | D11: =TODAY() -> 46127 | E11: PC to plan and advise on potential for nuisance due to noise and vibration to ocuppants and neighbours occupants, and any risk to other third party users. Use of banksman stipulated in PCI. | F11: PD/PC | G11: Open | I11: Construction Phase Plan.
A13: 2 | B13: Building As Existing | C13: Hazardous Substances - | D13: =TODAY() -> 46127 | E13: Asbestos management survey | F13: Client/PD/PC | G13: Open | I13: Standard contaminants are to be tested for. R&D Asbestos survey to be carried out ahead of intrusive survey and works progressing. Contractors and subcontractors to maintain a watching brief for hazardous substances during all construction activities.
A15: 3 | B15: Main Structure | C15: Structural risks - Weak or degraded structural elements that might fail during retrofit. | D15: =TODAY() -> 46127 | E15: Scheme design limits additional loading onto existing structure, and avoids modifying existing structure. Scheme design limits additional loading; structural assessments undertaken by Principal Designer; method statements to be produced by Principal Contractor. | F15: PD/PC | G15: Open | I15: Architect to be made aware of any degraded material in existing main structural frame, once existing cladding is removed. Method statements to be produced for unforeseen work to structure to ensure stability of structure is not compromised, and structural stability of changes to be verified by Building Control
C16: Impact of added loads or modifications on the building’s integrity. | D16: =TODAY() -> 46127 | F16: PD/PC | G16: Open | I16: Method statements to be Pull out tests to be undertaken by EWI installer
A18: 4 | B18: General Maintenance | C18: Fall From Height - Falling from repairing / maintaining the roof mounted PV panels | D18: =TODAY() -> 46127 | F18: PD/PC | G18: Open | I18: Installations to be designed by MCS installer taking future Client access requirements into account. Work to be carried out from the ground where possible. Means of protection adequate to the duration and frequency of the task to be provided.
A20: Signoff | B20: Designer: | D20: Director: | F20: Principal designer: | I20: Additional Notes:
B21: Date: | D21: Date: | F21: Date:
B22: Signature: | D22: Signature: | F22: Signature:

Sheet 11.0
A1: Existing Dwelling Ventilation | J1: Proposed Dwelling Ventilation
A2: Room | B2: Mould | C2: Background Ventilation (target mm2) | D2: Background Ventilation trickle vents (actual mm2) | E2: Door Undercuts (min 7600m3) | F2: Purge Ventilation | G2: Extract Ventilation Type | H2: Flow Rate (l/s) | J2: Room | K2: Mould | L2: Background Ventilation (target mm2) | M2: Background Ventilation trickle vents (actual mm2) | N2: Door Undercuts (min 7600m3) | O2: Purge Ventilation | P2: Extract Ventilation Type | Q2: Flow Rate (l/s)
H3: Target | Q3: Target | R3: Actual
A5: Additional | J5: Additional
A6: Total | J6: Total
A8: Whole building ventilation rate (l/s) - floor area (m2) | J8: Whole building ventilation rate (l/s) - floor area (m2)
A9: Whole building ventilation rate (l/s) - bedrooms | J9: Whole building ventilation rate (l/s) - bedrooms
A10: Whole building ventilation rate - additional occupancy | J10: Whole building ventilation rate - additional occupancy
A11: Whole building ventilation rate - final | J11: Whole building ventilation rate - final
A12: Retention of IEV fans subject to flow rate test | J12: Testing Completion and Hand over | R12: Yes
A13: Note: The extract rates are stated as minimum-allow additional extract as required to achieve Part F compliant Whole house rate
A14: The ventilation remedial works will be under taken by a competent person. They will be tested and commissioned once all other retrofit works have been completed in line with the requirement of PAS2035.

Sheet 13.0 
A1: Future proofing - MTIP Renewables proposals
A2: Solar system - refer to drawing pack for location. To be designed in accordance with the MIS3002 Solar PV Standard & 18th edition wiring regulations PVs: 435 W Tiger Neo Modules, exact design and number subject to confirmation by installer based on available area on specific house type, orientation and overshadowing factors Inverter: Solis Energy Storage 3.6 kw hybrid 5G inverter with a DC Switch connected to new AC4 pole rotary isolator Storage: Battery Solax 5.8 KW Battery storage Inverter and battery to be co-located in a proprietory GRP enclosure as shown on drawings. Wiring ub 4 mm single DC cabling between inverter and PV array within galvanised trunking concealed within new EWI system via MC4 connectors, clearly labelled. Refer to detail pack. All design, installation, comissioning and certification by MCS registered installer. Car charging: - refer to drawing pack for location. To be designed in accordance with the MIS3002 Solar PV Standard & 18th edition wiring regulations Zaptec Go 7.4 kW single phase wall mounted car charger - location as drawing All design, installation, comissioning and certification by MCS registered installer. Heating system-refer to drawing pack for locations. To be designed and installed in compliance with MCS, Water and 18th edition regulations. Air to water heat pump to replace existing gas boiler:5KW Vaillant Air source heat pump installed on Flexifoot system to reduce noise transfer,location as shown on drawing, min 300 mm off the rear wall. New 210 ltr Mixergy Xc-direct unvented cylinder w 3kW immersion to be sited as drawing Vailant Sensocomfort RF Wireless programmable room thermostat. Magnetid filter and strainer valves to protect equipment. All design, insstallation, comissioning and certification by MCS Installer Note: Measures subject to planning and DNO approval, Existing gas supply disconnection by statutory undertaker. Lagging of pipework: All external pipework to be insulated with 19 mm high density PVC coated insulation, internal pipework in 13 mm grey pipework insulation without gaps Radiators: Existing radiators and pipework to be reused where possible in accordance with below shedule, subject to installers detailed site assessment. All existing radiators fitted with TRV controls. New pipework, LTHW radiators and thermostats as noted on plans.
A4: Radiator Schedule
A5: Room | B5: Radiator | E5: Height | H5: width | K5: BTU output required
K6: Existing | N6: added
A7: Kitchen
A8: Living
A9: Bathroom
A10: Bedroom 1
A11: Bedroom 2
A12: Additional

Sheet 14.0
A1: Airtightness Strategy Overview
A2: Stage | B2: Process | C2: Evidence/Documentation | D2: Responsible Party | E2: Methodology
A3: 1. Pre-Installation Testing | B3: Blower Door Test Target of ≤5 m³/h/m²@50Pa | C3: Test reports, pre-install photos | D3: Tester/Assessor | E3: By Archetype
A4: 2. Airtightness Design | B4: Document airtight barrier design and sequence of EEMs with key sealant areas | C4: Design detail pack with airtightness specified, material specs | D4: Designer/Coordinator | E4: By Property
A5: 3. Airtightness Installation | B5: Sequence of installation ensuring specified sealing methods for junctions and penetrations are carried out. | C5: Installation photos, QA checklist | D5: Contractor | E5: By Property
A6: 4. Mid-Installation Spot Check | B6: Check seals, joints, and membranes. Leakage Check (high-risk areas) | C6: Installation photos, QA checklist | D6: Retrofit Coordinator | E6: By Property
A7: 5. Post-Installation Testing | B7: Final Blower Door Test Target of ≤5 m³/h/m²@50Pa | C7: Test results, rectification photos, maintenance guide | D7: Tester/Coordinator | E7: By Archetype
A8: 6. Maintenance Guidance | B8: Documentation provided to homeowners | C8: Included in O&M Manual | D8: Contractor | E8: By Property
A10: Installation Element | B10: Revevant to design? | C10: Airtightness Strategy | D10: Evidence/Documentation
A11: Ventilation Systems (MEV) As Specified on DS-CM-2.6 | B11: =IF('7.0'!A3, "Yes", "No") -> No | C11: Seal ducting at joints and at entry/exit points to prevent air leakage. Ensure systems are airtight and adequately ventilated. | D11: As per Blue dash line annotations in the relevant design detail; Photographic evidence of install as per details; Air test results.
A12: Loft Insulation | B12: =IF('7.0'!A5, "Yes", "No") -> No | C12: Seal loft hatches, gaps around beams with airtight membranes and tapes
A13: Cavity Wall Insulation (CWI) | B13: =IF('7.0'!A6, "Yes", "No") -> No | C13: Seal around wall ties and penetrations; ensure continuity of barrier
A14: External Wall Insulation (EWI) | B14: =IF('7.0'!A7, "Yes", "No") -> No | C14: Ensure continuous airtight layer across external walls; seal penetrations
A15: Internal/Room-in-Roof Insulation (IWI/RIRI) | B15: =IF('7.0'!A11, "Yes", "No") -> No | C15: Seal internal junctions; apply airtight membranes around openings
A16: Underfloor Insulation (UFI) | B16: =IF('7.0'!A9, "Yes", "No") -> No | C16: Seal floor junctions, use airtight tapes at penetrations
A17: Flat Roof Insulation | B17: =IF('7.0'!A10, "Yes", "No") -> No | C17: Apply airtight barriers over insulation, seal junctions thoroughly
A18: Windows/Doors | B18: =IF(OR('7.0'!A12, '7.0'!A13), "Yes", "No") -> No | C18: Install airtight seals around frames; ensure threshold sealing

Sheet 13.0(TB)
A1: Heritage Significance Assessment
A2: Section | B2: Required Information (PAS 2035 / BS 7913) | C2: Assessment Notes
A3: Building Type | B3: Construction era, traditional/modern classification | C3: Traditional/ Solid wall
A4: Historic Status | B4: Listed status, conservation area, local heritage value | C4: N/A
A5: Architectural Significance | B5: Style, materials, design merits, unique features | C5: Traditional brick built render faced two storey semi-detached house with a pitched and tile covered roof,
A6: Historic Significance | B6: Age, historical events, social value | C6: Built in
A7: Fabric Condition | B7: Condition of walls, roof, floors, windows, moisture behaviour
A8: Risk Factors | B8: Moisture, decay, ventilation issues, past inappropriate works | C8: No current risks noted
A9: Significance Grading | B9: Low / Medium / High, with justification | C9: Low
A10: Constraints | B10: Any conservation constraints affecting retrofit measures | C10: None
A11: Recommended Approaches | B11: Principles: minimal intervention, reversibility, breathability | C11: Breathable materials recommented
A12: Retrofit Implications | B12: Impact on insulation, airtightness, ventilation, services
